INSERT INTO threat  (id, threatUUID, type, severity, range, notes, periodStart, periodEnd, createdAt)
VALUES
    (1, 'f9b5a9f0-2b42-44a9-bc6f-8a68a2a6b78f', 'Drought', 'HIGH', 'Global', 'Lorem ipsum dolor sit amet.', '2024-01-01', '2024-12-31', '2024-03-05'),
    (2, '94f2c1e2-8f42-459d-bcb5-9f9c8d4a7a3b', 'Flood', 'MEDIUM', 'Regional', 'Consectetur adipiscing elit.', '2024-02-15', '2024-09-15', '2024-05-23'),
    (3, 'bea7641a-5d6a-4c2f-b7cb-837a0b2d9b5c', 'Heatwave', 'LOW', 'Local', 'Sed do eiusmod tempor.', '2024-04-10', '2024-10-25', '2024-06-01'),
    (4, 'b9d2e0f3-0ad2-4726-9dfd-4e72e6b9e7d8', 'Cyclone', 'HIGH', 'National', 'Incididunt ut labore et dolore.', '2024-05-01', '2024-08-31', '2024-07-10'),
    (5, 'e9c4a7d2-4f31-4a8f-91d3-9e5f8d3e4a6c', 'Locust', 'MEDIUM', 'Global', 'Magna aliqua. Ut enim ad minim.', '2024-06-12', '2024-11-30', '2024-06-15'),
    (6, '7c4f2e3a-3f5d-4a6f-82f9-7f4a6d3e5b1a', 'Drought', 'LOW', 'Regional', 'Veniam, quis nostrud exercitation.', '2024-07-20', '2024-10-15', '2024-08-02'),
    (7, 'af2b7e9d-6a7d-42e8-bc3d-9e6a2d5e3c7f', 'Flood', 'HIGH', 'Local', 'Ullamco laboris nisi ut aliquip.', '2024-03-05', '2024-06-30', '2024-04-20'),
    (8, 'b2e9d3f1-7f8a-4d3a-85b7-2d4e7c9a1f6a', 'Heatwave', 'MEDIUM', 'Global', 'Ex ea commodo consequat.', '2024-09-01', '2024-12-31', '2024-09-12'),
    (9, 'c3d2f7b1-6a5d-4a3b-98d6-2e7b4f3d1a9f', 'Cyclone', 'LOW', 'National', 'Duis aute irure dolor in.', '2024-01-15', '2024-07-10', '2024-05-30'),
    (10, 'd8a3c7f2-4d2e-47d6-8b9f-4b3f7a2c6e1a', 'Locust', 'HIGH', 'Regional', 'Reprehenderit in voluptate velit.', '2024-10-05', '2024-12-20', '2024-11-01'),
    (11, 'f1b3a7c9-3d5f-48e2-bc9d-4e2b9a3d8a9f', 'Drought', 'MEDIUM', 'National', 'Dolor sit amet, consectetur.', '2024-01-05', '2024-06-25', '2024-03-20'),
    (12, 'a9e4b8f3-5d6f-41a9-9c8b-3f7e6b4d1e7a', 'Flood', 'LOW', 'Global', 'Eiusmod tempor incididunt ut labore.', '2024-02-15', '2024-08-30', '2024-04-10'),
    (13, 'd2e9f4a8-4c2b-46e7-9b7a-1d3f4a7c9e6d', 'Heatwave', 'HIGH', 'Regional', 'Magna aliqua ut enim.', '2024-03-10', '2024-12-31', '2024-03-21'),
    (14, 'e3b2f8d1-8a5d-42c8-82f3-4c9d6a7b1e9a', 'Cyclone', 'LOW', 'Local', 'Quis nostrud exercitation ullamco.', '2024-04-18', '2024-11-29', '2024-07-04'),
    (15, 'b4a7d9e2-9f6b-4e7a-81c9-7f5b8d2a4c1d', 'Locust', 'MEDIUM', 'Global', 'Laboris nisi ut aliquip ex ea.', '2024-05-01', '2024-09-15', '2024-06-12'),
    (16, 'd9f4e7a6-2c8b-4a3d-87d5-9e1a3b5f8c7a', 'Drought', 'HIGH', 'National', 'Commodo consequat duis aute.', '2024-06-20', '2024-12-10', '2024-06-25'),
    (17, 'f2b8c4d7-5e7a-46c9-91b8-3e7d2a6c4f9d', 'Flood', 'LOW', 'Regional', 'Irure dolor in reprehenderit.', '2024-02-01', '2024-07-10', '2024-04-05'),
    (18, 'a3e7b9d1-4f2c-4e7d-81a9-8b2d7f4c1e8f', 'Heatwave', 'MEDIUM', 'Global', 'Velit esse cillum dolore.', '2024-03-25', '2024-08-30', '2024-05-14'),
    (19, 'c9a4f8b3-7d2e-49f7-9c3d-8b5a7e2f6d9a', 'Cyclone', 'HIGH', 'Local', 'Fugiat nulla pariatur excepteur.', '2024-04-12', '2024-09-20', '2024-07-18'),
    (20, 'b1d8f2a6-5a7f-4c9b-9d3e-6f7c4a9e2d3f', 'Locust', 'LOW', 'National', 'Cupidatat non proident sunt.', '2024-06-30', '2024-11-12', '2024-08-23'),
    (21, 'd7e2b9f4-3c5d-49a8-91b2-9a5f8c6d3a7e', 'Drought', 'MEDIUM', 'Regional', 'In culpa qui officia.', '2024-07-01', '2024-12-31', '2024-08-05'),
    (22, 'a4c8b2e9-7d4f-4e7a-8c5d-1f3b9a7e2f8c', 'Flood', 'HIGH', 'Global', 'Deserunt mollit anim id.', '2024-01-10', '2024-04-25', '2024-02-15'),
    (23, 'c2b9f1d4-6a7e-42d9-85c9-7e4f3d6a8b5f', 'Heatwave', 'LOW', 'National', 'Est laborum et dolore.', '2024-02-28', '2024-10-30', '2024-04-22'),
    (24, 'e5a8b3f7-3f6b-4d9e-9a5c-7d4f8b1a2c3e', 'Cyclone', 'MEDIUM', 'Local', 'Consectetur adipiscing elit.', '2024-06-01', '2024-12-05', '2024-07-25'),
    (25, 'f6d2a9b8-4e7c-41f9-91b7-3a5c8f4d1e9a', 'Locust', 'HIGH', 'Regional', 'Eiusmod tempor incididunt ut.', '2024-01-18', '2024-05-20', '2024-03-12'),
    (26, 'b2c8e4f9-7d6a-4c3d-9e2f-8a5f9d7c1b4e', 'Drought', 'LOW', 'Global', 'Aliquip ex ea commodo consequat.', '2024-03-02', '2024-07-10', '2024-05-01'),
    (27, 'd3e9f8a4-8a7d-42b1-9f4d-6b3e7c1a8d5f', 'Flood', 'MEDIUM', 'National', 'Duis aute irure dolor in.', '2024-05-18', '2024-10-15', '2024-06-25'),
    (28, 'f8a3b6c7-2d9e-46c8-87a5-9f7d8e2a3c4b', 'Heatwave', 'HIGH', 'Local', 'Reprehenderit in voluptate.', '2024-04-01', '2024-08-29', '2024-07-30'),
    (29, 'c4d9f2b1-5f7a-4a6c-91e8-3a7e2b4f9d1c', 'Cyclone', 'LOW', 'Regional', 'Velit esse cillum dolore.', '2024-07-15', '2024-12-20', '2024-09-10'),
    (30, 'e2a9b8f4-7d5f-4c9e-83f7-4a1c9d2b6f3e', 'Locust', 'MEDIUM', 'National', 'Eiusmod tempor incididunt.', '2024-05-01', '2024-11-22', '2024-08-12'),
    (31, 'd7c3a8b4-6e7d-48a9-91b5-8c2d4f9e3a1b', 'Drought', 'HIGH', 'Global', 'Commodo consequat duis aute.', '2024-06-15', '2024-10-31', '2024-09-18'),
    (32, 'b4e2f8a1-5d9f-47e3-8a5b-6c3f2d7e4b9a', 'Flood', 'LOW', 'Local', 'Irure dolor in reprehenderit.', '2024-04-10', '2024-09-28', '2024-05-20'),
    (33, 'f9d1a3b6-3c5a-42f7-9c8b-7e5d4a1f2e9b', 'Heatwave', 'MEDIUM', 'National', 'Velit esse cillum dolore.', '2024-07-25', '2024-11-15', '2024-10-05'),
    (34, 'a1c8b7e4-7d6a-49a3-8f5d-9f3e2c7d1b6a', 'Cyclone', 'HIGH', 'Global', 'Fugiat nulla pariatur excepteur.', '2024-01-05', '2024-07-25', '2024-02-12'),
    (35, 'e3b9f4a2-5c6d-48f7-83e2-9a7d6b1a8f5c', 'Locust', 'LOW', 'Regional', 'Duis aute irure dolor in.', '2024-03-15', '2024-09-10', '2024-06-25'),
    (36, 'c8d2a9e7-6b4f-41d8-9f3a-2e7f8b5c9d4a', 'Drought', 'MEDIUM', 'National', 'Ullamco laboris nisi ut.', '2024-02-22', '2024-12-01', '2024-04-16'),
    (37, 'a4f3b9e2-7d6a-4c8f-8a9e-1f5b4d7e2c3f', 'Flood', 'HIGH', 'Local', 'Veniam, quis nostrud exercitation.', '2024-05-10', '2024-10-30', '2024-06-30'),
    (38, 'f2b1a7d4-3f6c-49e7-83b5-7c9a4d1f6e8a', 'Heatwave', 'LOW', 'Regional', 'Dolor sit amet, consectetur.', '2024-06-15', '2024-11-18', '2024-07-12'),
    (39, 'b8d9a3e6-7c5f-42f7-9b2e-8f1d4c3a7e6f', 'Cyclone', 'MEDIUM', 'National', 'Tempor incididunt ut labore.', '2024-01-01', '2024-05-18', '2024-03-10'),
    (40, 'd1e8a3b7-6f4a-4d9b-8f2e-9b6c3f7a2d4f', 'Locust', 'HIGH', 'Global', 'Magna aliqua ut enim.', '2024-04-12', '2024-10-15', '2024-08-22'),
    (41, 'c7b8f4e1-3d5f-47e9-91a2-7b3e9d6c5f8a', 'Drought', 'LOW', 'Local', 'Reprehenderit in voluptate velit.', '2024-07-10', '2024-12-10', '2024-09-14'),
    (42, 'b9e7d4f6-8c3a-4b8f-92d7-3a5e2c7f9b6f', 'Flood', 'MEDIUM', 'Global', 'Laboris nisi ut aliquip ex ea.', '2024-02-28', '2024-11-02', '2024-06-02'),
    (43, 'e4b7a9d2-5f8c-49f7-8d2a-6f3b4a1e7d9f', 'Heatwave', 'HIGH', 'Regional', 'Ex ea commodo consequat.', '2024-04-05', '2024-09-15', '2024-07-27'),
    (44, 'f1a9c8b4-3d6f-49e7-85f4-7c8d5e2a4b3a', 'Cyclone', 'LOW', 'National', 'Velit esse cillum dolore.', '2024-05-20', '2024-10-25', '2024-09-20'),
    (45, 'b8e3a9d7-6f7c-41f9-8a3d-9b7d6c4e2a5f', 'Locust', 'HIGH', 'Local', 'Sed do eiusmod tempor incididunt.', '2024-03-05', '2024-07-25', '2024-05-15'),
    (46, 'c6a2e9f3-4d8a-4b1e-91d7-8a5f9c3e2b7f', 'Drought', 'MEDIUM', 'Global', 'Duis aute irure dolor.', '2024-02-15', '2024-12-15', '2024-08-02'),
    (47, 'd1b7f4a3-7e5d-48c8-82f4-9b3d6c9a1e8f', 'Flood', 'HIGH', 'Regional', 'Ut enim ad minim veniam.', '2024-06-12', '2024-11-30', '2024-09-01'),
    (48, 'e3a9c2f8-3c7f-41d9-9f3a-1b6f4d2e9a8b', 'Heatwave', 'LOW', 'National', 'Exercitation ullamco laboris nisi.', '2024-01-20', '2024-06-15', '2024-02-28'),
    (49, 'a6d9f7b3-4e1a-4c7f-91b9-7c2d8f5a3e4a', 'Cyclone', 'MEDIUM', 'Local', 'Reprehenderit in voluptate velit.', '2024-04-01', '2024-10-20', '2024-05-25'),
    (50, 'f2c3b8a4-7d1e-41f9-91c5-6e7b9d4f2a3d', 'Locust', 'HIGH', 'Global', 'Ut enim ad minim veniam.', '2024-03-12', '2024-09-22', '2024-07-19');


-- Insert into country_threat table
INSERT INTO country_threat (id, threat_id, countryId, countryName)
VALUES
    (41,50, 2, 'Somalia'),
    (42,49, 3, 'Uganda'),
    (43,48, 4, 'South Sudan'),
    (44,47, 2, 'Somalia'),
    (45,46, 3, 'Uganda'),
    (46,45, 4, 'South Sudan'),
    (47, 44, 6, 'Ethiopia'),
    (48,43, 3, 'Uganda'),
    (49,42, 4, 'South Sudan'),
    (50, 41, 5,'Djibouti'),
    (1, 1, 1, 'Kenya'),
    (2, 3, 1, 'Kenya'),
    (3, 5, 1, 'Kenya'),
    (4, 7, 1, 'Kenya'),
    (5, 9, 1, 'Kenya'),
    (6, 11, 1, 'Kenya'),
    (7, 13, 1, 'Kenya'),
    (8, 15, 1, 'Kenya'),
    (9, 17, 1, 'Kenya'),
    (10, 19, 1, 'Kenya'),
    (11, 21, 1, 'Kenya'),
    (12, 23, 1, 'Kenya'),
    (13, 25, 1, 'Kenya'),
    (14, 27, 1, 'Kenya'),
    (15, 29, 1, 'Kenya'),
    (16, 31, 1, 'Kenya'),
    (17, 33, 1, 'Kenya'),
    (18, 35, 1, 'Kenya'),
    (19, 37, 1, 'Kenya'),
    (20, 39, 1, 'Kenya'),
    (21, 2, 1, 'Kenya'),
    (22, 4, 1, 'Kenya'),
    (23, 6, 1, 'Kenya'),
    (24, 8, 1, 'Kenya'),
    (25, 10, 1, 'Kenya'),
    (26, 12, 1, 'Kenya'),
    (27, 14, 1, 'Kenya'),
    (28, 16, 1, 'Kenya'),
    (29, 18, 1, 'Kenya'),
    (30, 20, 1, 'Kenya'),
    (31, 22, 1, 'Kenya'),
    (32, 24, 1, 'Kenya'),
    (33, 26, 1, 'Kenya'),
    (34, 28, 1, 'Kenya'),
    (35, 30, 1, 'Kenya'),
    (36, 32, 1, 'Kenya'),
    (37, 34, 1, 'Kenya'),
    (38, 36, 1, 'Kenya'),
    (39, 38, 1, 'Kenya'),
    (40, 40, 1, 'Kenya');


-- Insert into county_country table
INSERT INTO county_country (country_threat_id, countyId, countyName)
VALUES
    (41, 5, 'Puntland'),
    (48, 3, 'Bamunanika'),
    (49, 8, 'Akobo'),
    (47, 6, 'Oromia'),
    (45, 3, 'Bamunanika'),
    (46, 8, 'Akobo'),
    (44, 5, 'Puntland'),
    (42, 3, 'Bamunanika'),
    (43, 8, 'Akobo'),
    (50, 7,'Ali Sabieh'),
    (1, 1, 'Makueni'),
    (2, 2, 'Kwale'),
    (3, 3, 'Mombasa'),
    (4, 4, 'Mandera'),
    (5, 1, 'Makueni'),
    (6, 2, 'Kwale'),
    (7, 3, 'Mombasa'),
    (7, 4, 'Mandera'),
    (7, 1, 'Makueni'),
    (8, 2, 'Kwale'),
    (9, 3, 'Mombasa'),
    (12, 4, 'Mandera'),
    (12, 1, 'Makueni'),
    (12, 2, 'Kwale'),
    (10, 3, 'Mombasa'),
    (11, 4, 'Mandera'),
    (13, 1, 'Makueni'),
    (14, 2, 'Kwale'),
    (15, 3, 'Mombasa'),
    (16, 4, 'Mandera'),
    (21, 1, 'Makueni'),
    (17, 3, 'Mombasa'),
    (17, 4, 'Mandera'),
    (18, 1, 'Makueni'),
    (18, 2, 'Kwale'),
    (18, 3, 'Mombasa'),
    (19, 1, 'Makueni'),
    (19, 4, 'Mandera'),
    (20, 2, 'Kwale'),
    (20, 3, 'Mombasa'),
    (20, 4, 'Mandera'),
    (22, 2, 'Kwale'),
    (23, 3, 'Mombasa'),
    (24, 4, 'Mandera'),
    (25, 1, 'Makueni'),
    (26, 2, 'Kwale'),
    (27, 3, 'Mombasa'),
    (28, 4, 'Mandera'),
    (29, 1, 'Makueni'),
    (30, 2, 'Kwale'),
    (31, 3, 'Mombasa'),
    (32, 4, 'Mandera'),
    (33, 1, 'Makueni'),
    (34, 2, 'Kwale'),
    (35, 3, 'Mombasa'),
    (36, 4, 'Mandera'),
    (37, 1, 'Makueni'),
    (38, 2, 'Kwale'),
    (39, 3, 'Mombasa'),
    (40, 4, 'Mandera');